city,name,lat,lon,source
Cotonou,Akpakpa,6.371,2.441,OSM place=suburb
Cotonou,Ganhi,6.363,2.432,OSM place=suburb
Cotonou,Cadjèhoun,6.36,2.405,OSM place=suburb
Cotonou,Haie Vive,6.356,2.398,OSM place=suburb
Cotonou,Fidjrossè,6.361,2.365,OSM place=suburb
Cotonou,Gbégamey,6.368,2.418,OSM place=suburb
Cotonou,Jéricho,6.374,2.422,OSM place=suburb
Cotonou,Zogbo,6.381,2.392,OSM place=suburb
Cotonou,Agla,6.382,2.378,OSM place=suburb
Cotonou,Saint-Michel,6.369,2.426,OSM place=suburb
Cotonou,Vèdoko,6.376,2.389,OSM place=suburb
Cotonou,Dantokpa,6.366,2.435,OSM place=suburb
Abomey-Calavi,Godomey,6.415,2.335,OSM place=suburb
Abomey-Calavi,Togba,6.471,2.311,OSM place=suburb
Abomey-Calavi,Akassato,6.495,2.368,OSM place=suburb
Abomey-Calavi,Ouèdo,6.52,2.39,OSM place=suburb
Porto-Novo,Ouando,6.502,2.619,OSM place=suburb
Porto-Novo,Missèrété,6.571,2.587,OSM place=suburb
Parakou,Titirou,9.342,2.615,OSM place=suburb
Parakou,Banikanni,9.36,2.631,OSM place=suburb
